screen,layout_status,designer_interactive_controls,legacy_designer_targets_under_44px,legacy_font_definitions_below_8pt,legacy_color_definitions
BalanceSheetForm,Legacy layout; shared appearance at runtime,56,56,31,17
btnGetData,Legacy layout; shared appearance at runtime,14,14,12,2
Calculator,Legacy layout; shared appearance at runtime,26,1,21,0
Calender,Legacy layout; shared appearance at runtime,2,2,2,3
Cashrefund,Legacy layout; shared appearance at runtime,4,3,8,4
Denomination,Legacy layout; shared appearance at runtime,25,24,64,28
Error5,Legacy layout; shared appearance at runtime,0,0,0,0
Error6,Legacy layout; shared appearance at runtime,0,0,0,0
Error8,Legacy layout; shared appearance at runtime,0,0,0,0
Form,Legacy layout; shared appearance at runtime,46,46,0,0
Form1,Legacy layout; shared appearance at runtime,3,1,0,2
Form2,Legacy layout; shared appearance at runtime,0,0,0,0
Form3,Legacy layout; shared appearance at runtime,0,0,23,5
Form4,Legacy layout; shared appearance at runtime,0,0,0,0
FormCamera,Legacy layout; shared appearance at runtime,6,0,6,1
frmAbout,Legacy layout; shared appearance at runtime,1,0,7,6
frmAccountHead,Legacy layout; shared appearance at runtime,6,6,5,4
frmAdvanceEntry,Legacy layout; shared appearance at runtime,6,6,6,6
frmAdvanceEntryRecord,Legacy layout; shared appearance at runtime,5,5,3,2
frmAdvanceEntryReport,Legacy layout; shared appearance at runtime,6,6,4,3
FrmApp,Legacy layout; shared appearance at runtime,13,10,2,3
frmAttendance,Legacy layout; shared appearance at runtime,13,13,6,6
frmAttendanceEntryRecord,Legacy layout; shared appearance at runtime,3,3,4,3
frmAuto_Migrate,Legacy layout; shared appearance at runtime,2,2,0,0
frmAutobackup,Legacy layout; shared appearance at runtime,5,4,5,8
frmAutoRoundoff,Legacy layout; shared appearance at runtime,2,2,5,6
frmAutoUPI,Legacy layout; shared appearance at runtime,2,0,2,2
frmBagBox,Legacy layout; shared appearance at runtime,0,0,3,3
frmBalancesheet,Legacy layout; shared appearance at runtime,109,104,5,107
frmBanarCreate,Legacy layout; shared appearance at runtime,6,6,6,6
frmBank,Legacy layout; shared appearance at runtime,2,2,5,5
frmBankAccountRegistration,Legacy layout; shared appearance at runtime,17,16,5,9
frmBankAccountStatements,Legacy layout; shared appearance at runtime,5,5,4,3
frmBankLedger,Legacy layout; shared appearance at runtime,3,3,7,3
frmBankList,Legacy layout; shared appearance at runtime,1,0,2,0
frmBarcodeLabelPrinting,Legacy layout; shared appearance at runtime,19,19,9,9
frmBarcodeLabelPrintingnew,Legacy layout; shared appearance at runtime,17,17,4,7
frmBarcodeMain,Legacy layout; shared appearance at runtime,43,43,13,0
frmBestAndLowSellingItemsReport,Legacy layout; shared appearance at runtime,2,2,4,4
frmBillStyle,Legacy layout; shared appearance at runtime,4,4,7,0
frmBillSundry,Legacy layout; shared appearance at runtime,2,2,5,5
frmBIllwise_ProfitReport,Legacy layout; shared appearance at runtime,2,2,4,4
frmBranch_AddMaster,Legacy layout; shared appearance at runtime,2,2,2,1
frmBranchAdmin,Legacy layout; shared appearance at runtime,13,13,8,6
frmBranchMaster_Bank,Legacy layout; shared appearance at runtime,7,6,5,10
frmBranchReport_Dashboard,Legacy layout; shared appearance at runtime,2,2,2,3
frmBroker,Legacy layout; shared appearance at runtime,14,13,5,11
frmBrokerCalc,Legacy layout; shared appearance at runtime,16,16,1,3
frmBrokerLedger,Legacy layout; shared appearance at runtime,5,5,4,4
frmBulkPriceChange,Legacy layout; shared appearance at runtime,1,0,3,3
frmBulkProductSeting,Legacy layout; shared appearance at runtime,0,0,0,0
frmBulkWapp2CrCustomer,Legacy layout; shared appearance at runtime,13,12,3,7
frmBulkWhatsappDoc,Legacy layout; shared appearance at runtime,9,9,6,5
frmCamera,Legacy layout; shared appearance at runtime,3,3,0,0
frmCashLedger,Legacy layout; shared appearance at runtime,3,3,7,5
frmCategory,Legacy layout; shared appearance at runtime,5,5,7,6
frmCategoryNew,Legacy layout; shared appearance at runtime,6,6,9,11
frmCategoryPopup,Legacy layout; shared appearance at runtime,1,1,4,3
frmCatlogStyle,Legacy layout; shared appearance at runtime,0,0,5,0
frmChangeBarcode,Legacy layout; shared appearance at runtime,0,0,5,5
frmChangePassword,Legacy layout; shared appearance at runtime,7,4,12,3
frmChat,Legacy layout; shared appearance at runtime,0,0,0,2
frmChat1,Legacy layout; shared appearance at runtime,0,0,0,1
frmChat2,Legacy layout; shared appearance at runtime,0,0,0,1
frmChat3,Legacy layout; shared appearance at runtime,0,0,0,2
frmChat4,Legacy layout; shared appearance at runtime,0,0,0,2
frmCipherSetting,Legacy layout; shared appearance at runtime,17,17,3,9
frmComboPack,Legacy layout; shared appearance at runtime,7,7,6,16
frmComboPackBarcode,Legacy layout; shared appearance at runtime,14,14,4,8
frmComboPackMaster,Legacy layout; shared appearance at runtime,3,3,5,5
frmCompany,Legacy layout; shared appearance at runtime,20,20,4,17
frmCompanyDelete,Legacy layout; shared appearance at runtime,6,6,7,10
frmCompanyupdate,Legacy layout; shared appearance at runtime,27,27,6,22
frmContactPhoto,Legacy layout; shared appearance at runtime,0,0,0,0
frmContacts,Legacy layout; shared appearance at runtime,4,4,5,6
frmContra,Legacy layout; shared appearance at runtime,13,13,6,17
frmConvert_Language,Legacy layout; shared appearance at runtime,7,7,2,4
frmCouponApply,Legacy layout; shared appearance at runtime,3,3,9,3
frmCouponGenerate,Legacy layout; shared appearance at runtime,19,18,6,8
frmCreditCustomerReceipt,Legacy layout; shared appearance at runtime,35,35,13,13
frmCreditCustomerReceiptRecord,Legacy layout; shared appearance at runtime,4,4,4,4
frmCreditCustomerSMS,Legacy layout; shared appearance at runtime,6,6,3,4
frmCreditDebit,Legacy layout; shared appearance at runtime,0,0,3,3
frmCreditTermsStatements,Legacy layout; shared appearance at runtime,10,10,1,5
frmCurrentStock,Legacy layout; shared appearance at runtime,12,11,4,6
frmCustBalanceLedger,Legacy layout; shared appearance at runtime,3,3,1,1
frmCustomDialog,Legacy layout; shared appearance at runtime,1,0,2,0
frmCustomDialog1,Legacy layout; shared appearance at runtime,1,0,2,0
frmCustomDialog2,Legacy layout; shared appearance at runtime,1,0,2,0
frmCustomDialog3,Legacy layout; shared appearance at runtime,1,0,2,0
frmCustomer,Legacy layout; shared appearance at runtime,46,43,9,38
frmCustomerBulkUpdate,Legacy layout; shared appearance at runtime,7,7,2,2
frmCustomerContactList,Legacy layout; shared appearance at runtime,5,5,1,1
frmCustomerDiscRecord,Legacy layout; shared appearance at runtime,4,4,4,3
frmCustomerLedger,Legacy layout; shared appearance at runtime,5,5,3,3
frmCustomerLedger_Loyalty,Legacy layout; shared appearance at runtime,5,5,3,3
frmCustomerMobileAppSender,Legacy layout; shared appearance at runtime,10,10,1,7
frmCustomerMobileRpt,Legacy layout; shared appearance at runtime,22,19,1,12
frmCustomerOffer,Legacy layout; shared appearance at runtime,7,4,2,5
frmCustomerOutstanding,Legacy layout; shared appearance at runtime,2,2,11,9
frmCustomerRecord,Legacy layout; shared appearance at runtime,5,5,4,4
frmCustomerRoundover,Legacy layout; shared appearance at runtime,2,2,3,3
frmCustomersNew,Legacy layout; shared appearance at runtime,6,4,10,11
frmCustomerSupport,Legacy layout; shared appearance at runtime,35,35,13,13
frmCustomerSupport1,Legacy layout; shared appearance at runtime,10,10,24,14
frmCustomerSupportForm_Dashboard,Legacy layout; shared appearance at runtime,9,8,13,13
frmCustomerSupportLog,Legacy layout; shared appearance at runtime,8,7,1,8
frmCustomerSupportLog_Dashboard,Legacy layout; shared appearance at runtime,9,8,10,12
frmCustomerSupportLog_Report,Legacy layout; shared appearance at runtime,6,6,3,5
frmCustomerValid,Legacy layout; shared appearance at runtime,14,14,1,12
frmCustomiseBarcode,Legacy layout; shared appearance at runtime,10,10,2,4
frmDamageProduct,Legacy layout; shared appearance at runtime,20,17,17,5
frmDebtorsReport,Legacy layout; shared appearance at runtime,2,2,8,8
frmDeductionReport,Legacy layout; shared appearance at runtime,6,6,4,4
frmECategory,Legacy layout; shared appearance at runtime,2,2,6,0
frmEComSeting,Legacy layout; shared appearance at runtime,11,11,1,10
frmEmailDashboard,Legacy layout; shared appearance at runtime,23,18,0,0
frmEmailDashboard2,Legacy layout; shared appearance at runtime,10,7,1,0
frmEmailDashboard3,Legacy layout; shared appearance at runtime,10,7,1,0
frmEmailsender,Legacy layout; shared appearance at runtime,13,11,2,8
frmEmailSetting,Legacy layout; shared appearance at runtime,9,9,5,9
frmEmailSetting_login,Legacy layout; shared appearance at runtime,9,9,6,9
frmEMain,Legacy layout; shared appearance at runtime,0,0,4,4
frmEmployeePayment,Legacy layout; shared appearance at runtime,25,25,7,12
frmEmployeePaymentRecord,Legacy layout; shared appearance at runtime,3,3,4,4
frmEmployeePaymentReport,Legacy layout; shared appearance at runtime,6,6,4,4
frmEmployeeRegistration,Legacy layout; shared appearance at runtime,16,15,6,17
frmEmployeesRecord,Legacy layout; shared appearance at runtime,3,3,2,2
frmEProduct,Legacy layout; shared appearance at runtime,28,27,3,19
frmEstimate,Legacy layout; shared appearance at runtime,101,92,21,36
frmEstimateRecord,Legacy layout; shared appearance at runtime,5,5,6,4
frmEstimateRetrieve,Legacy layout; shared appearance at runtime,3,3,1,1
frmESubCategory,Legacy layout; shared appearance at runtime,2,2,4,0
frmEWayBill,Legacy layout; shared appearance at runtime,16,16,0,2
frmEwayBillSetting,Legacy layout; shared appearance at runtime,6,6,5,6
frmEwaysetting,Legacy layout; shared appearance at runtime,2,2,5,6
frmExpDashboard,Legacy layout; shared appearance at runtime,5,5,4,4
frmExportImportExcel_Customers,Legacy layout; shared appearance at runtime,2,2,5,4
frmExportImportExcel_OpeningStock,Legacy layout; shared appearance at runtime,4,0,3,6
frmExportImportExcel_ProductsRecord,Legacy layout; shared appearance at runtime,4,4,8,8
frmExportImportExcel_ProductsRecord1,Legacy layout; shared appearance at runtime,4,4,8,8
frmExportImportExcel_Salesman,Legacy layout; shared appearance at runtime,2,2,5,4
frmExportImportExcel_Suppliers,Legacy layout; shared appearance at runtime,2,2,5,4
frmFileupload,Legacy layout; shared appearance at runtime,1,1,0,0
frmFollowUp_Lead,Legacy layout; shared appearance at runtime,10,9,9,11
frmFollowUp_LeadRecords,Legacy layout; shared appearance at runtime,7,7,2,3
frmFormwise_Shortcutkey,Legacy layout; shared appearance at runtime,0,0,4,3
frmFundDeposit,Legacy layout; shared appearance at runtime,16,15,9,11
frmFundTransfer,Legacy layout; shared appearance at runtime,23,22,7,9
frmFYChange,Legacy layout; shared appearance at runtime,5,3,8,5
frmGallery,Legacy layout; shared appearance at runtime,11,9,1,11
FrmGDClientSample,Legacy layout; shared appearance at runtime,3,2,7,6
frmGeneralDayBook,Legacy layout; shared appearance at runtime,1,1,3,3
frmGeneralLedger,Legacy layout; shared appearance at runtime,2,2,3,3
frmGift,Legacy layout; shared appearance at runtime,10,10,5,10
frmGiftApply,Legacy layout; shared appearance at runtime,3,3,10,2
frmGiftCodeSender,Legacy layout; shared appearance at runtime,3,2,22,1
frmGodownConfig,Legacy layout; shared appearance at runtime,2,2,1,2
frmGodownInward,Legacy layout; shared appearance at runtime,4,4,5,1
frmGodownOutward,Legacy layout; shared appearance at runtime,11,11,6,7
frmGoProduct,Legacy layout; shared appearance at runtime,3,3,11,8
frmGSheet_Report,Legacy layout; shared appearance at runtime,4,4,3,3
frmGSheet_Setting,Legacy layout; shared appearance at runtime,4,4,5,5
frmGSTCalc,Legacy layout; shared appearance at runtime,2,2,3,3
frmGSTCalc1,Legacy layout; shared appearance at runtime,2,2,3,3
frmGSTDetails,Legacy layout; shared appearance at runtime,3,3,4,4
frmGSTDetailsPur,Legacy layout; shared appearance at runtime,3,3,4,4
frmGstNonGst,Legacy layout; shared appearance at runtime,0,0,3,3
frmGSTR1,Legacy layout; shared appearance at runtime,4,4,1,3
frmGSTR1_HSNC,Legacy layout; shared appearance at runtime,4,4,1,6
frmGSTR3B,Legacy layout; shared appearance at runtime,19,19,1,3
frmHoldrecord,Legacy layout; shared appearance at runtime,6,6,1,6
frmHoldrecord_Purchase,Legacy layout; shared appearance at runtime,6,6,1,6
frmImageReader,Legacy layout; shared appearance at runtime,7,7,0,3
frmImportPro,Legacy layout; shared appearance at runtime,4,4,5,2
frmIncome,Legacy layout; shared appearance at runtime,27,23,6,12
frmIncomeDashboard,Legacy layout; shared appearance at runtime,5,5,4,5
frmIncomeRecord,Legacy layout; shared appearance at runtime,3,3,5,5
frmInEx,Legacy layout; shared appearance at runtime,0,0,3,3
frmInfoBrodcast,Legacy layout; shared appearance at runtime,19,16,0,4
frmInvCode,Legacy layout; shared appearance at runtime,23,23,4,23
frmInvoiceHeader,Legacy layout; shared appearance at runtime,5,5,5,6
frmInvoicePhoto,Legacy layout; shared appearance at runtime,3,3,0,2
frmKeyBord,Legacy layout; shared appearance at runtime,0,0,28,0
frmKeyBordProduct,Legacy layout; shared appearance at runtime,0,0,28,0
frmKitchen_Section,Legacy layout; shared appearance at runtime,4,4,5,4
frmLanChat,Legacy layout; shared appearance at runtime,6,5,0,2
frmLCardIssue,Legacy layout; shared appearance at runtime,10,10,3,5
frmLead2,Legacy layout; shared appearance at runtime,10,10,9,13
frmLead_Product,Legacy layout; shared appearance at runtime,5,5,6,5
frmLead_Update,Legacy layout; shared appearance at runtime,12,11,7,13
frmLeadGenerate,Legacy layout; shared appearance at runtime,10,9,6,12
frmLeadGenerateRecord,Legacy layout; shared appearance at runtime,9,9,3,5
frmLoading,Legacy layout; shared appearance at runtime,0,0,1,1
frmLogin,Rebuilt main layout,16,14,16,5
frmLogs,Legacy layout; shared appearance at runtime,3,3,5,5
frmLoyaltySMS,Legacy layout; shared appearance at runtime,9,8,0,6
frmLoyaltyvalid,Legacy layout; shared appearance at runtime,4,4,5,7
frmLSetDefault,Legacy layout; shared appearance at runtime,2,2,1,1
frmMainMenu,Rebuilt main layout,35,26,59,31
frmMenu_update,Legacy layout; shared appearance at runtime,8,8,8,11
frmMenuHeader_update,Legacy layout; shared appearance at runtime,6,6,9,11
frmMigrate_test,Legacy layout; shared appearance at runtime,0,0,0,0
frmMigratedb_auto,Legacy layout; shared appearance at runtime,9,9,0,0
frmMine,Legacy layout; shared appearance at runtime,8,8,0,0
frmMobileIDDialog,Legacy layout; shared appearance at runtime,3,2,0,2
frmMRP_Purchase_Update,Legacy layout; shared appearance at runtime,6,6,4,4
frmMRPShow,Legacy layout; shared appearance at runtime,5,5,4,3
frmMRPShow_Serial,Legacy layout; shared appearance at runtime,5,5,4,3
frmMultiBillPayment,Legacy layout; shared appearance at runtime,2,1,5,3
frmMultiBranchReport,Legacy layout; shared appearance at runtime,7,5,7,9
frmMultiPaymentModeSettings,Legacy layout; shared appearance at runtime,0,0,3,3
frmOfferMessage,Legacy layout; shared appearance at runtime,1,0,2,2
frmOnlineImage,Legacy layout; shared appearance at runtime,0,0,0,2
frmOrder,Legacy layout; shared appearance at runtime,21,21,7,17
frmOtherSettings,Legacy layout; shared appearance at runtime,6,6,5,5
frmPayment,Legacy layout; shared appearance at runtime,30,30,8,9
frmPayment_Withdrawal,Legacy layout; shared appearance at runtime,19,18,8,12
frmPaymentRecord,Legacy layout; shared appearance at runtime,4,4,4,4
frmPdfReader,Legacy layout; shared appearance at runtime,16,11,1,1
frmPhonePeUPI,Legacy layout; shared appearance at runtime,10,7,0,11
frmPOS,Rebuilt main layout,279,251,86,197
frmPos_Cursor_Setting,Legacy layout; shared appearance at runtime,2,2,3,2
frmPOS_Update,Legacy layout; shared appearance at runtime,2,0,3,0
frmPOSNew,Legacy layout; shared appearance at runtime,298,289,125,169
frmPOSNewTuch,Legacy layout; shared appearance at runtime,334,327,196,197
frmPOSNewTuch_Quotation,Legacy layout; shared appearance at runtime,335,328,196,198
frmPOSNewTuch_QuotationRecord,Legacy layout; shared appearance at runtime,14,14,9,18
frmPOSNewTuch_Service,Legacy layout; shared appearance at runtime,331,324,194,190
frmPOSNewTuch_StockInward,Legacy layout; shared appearance at runtime,335,328,196,193
frmPOSNewTuch_StockTransfer,Legacy layout; shared appearance at runtime,334,327,192,192
frmPostImport,Legacy layout; shared appearance at runtime,0,0,8,6
frmPOSTouch,Legacy layout; shared appearance at runtime,430,398,284,292
frmPrevSales,Legacy layout; shared appearance at runtime,4,4,0,7
frmPrinterSettings,Legacy layout; shared appearance at runtime,20,20,14,10
frmPrintLoyaltyCard,Legacy layout; shared appearance at runtime,6,6,2,2
frmProduct,Legacy layout; shared appearance at runtime,90,87,13,56
frmProductBulkUpdate,Legacy layout; shared appearance at runtime,11,11,9,10
frmProductBulkUpdate_GST,Legacy layout; shared appearance at runtime,15,15,11,14
frmProductDefault,Legacy layout; shared appearance at runtime,11,11,12,6
frmProductDiscount,Legacy layout; shared appearance at runtime,9,9,7,16
frmProductEntry,Legacy layout; shared appearance at runtime,11,5,12,14
frmProductImageMaker,Legacy layout; shared appearance at runtime,6,6,7,7
frmProductImageUpdator,Legacy layout; shared appearance at runtime,10,10,0,9
frmProductLedgerPOS,Legacy layout; shared appearance at runtime,7,7,3,3
frmProductListWeigh,Legacy layout; shared appearance at runtime,8,7,4,3
frmProductNew,Legacy layout; shared appearance at runtime,9,8,4,3
frmProductPlus,Legacy layout; shared appearance at runtime,8,8,4,3
frmProductRec,Legacy layout; shared appearance at runtime,34,34,18,17
frmProductRec1,Legacy layout; shared appearance at runtime,7,7,2,1
frmProductRec_serial,Legacy layout; shared appearance at runtime,11,11,10,4
frmProductRec_serial_sale,Legacy layout; shared appearance at runtime,11,11,10,4
frmProductRec_variant,Legacy layout; shared appearance at runtime,7,7,7,3
frmProductRecord,Legacy layout; shared appearance at runtime,9,9,4,3
frmProductSeting,Legacy layout; shared appearance at runtime,0,0,1,0
frmProductSmart,Legacy layout; shared appearance at runtime,34,34,18,17
frmProductwiseProfit,Legacy layout; shared appearance at runtime,0,0,4,3
frmProfitloss,Legacy layout; shared appearance at runtime,24,24,8,7
frmPromotionalOffers,Legacy layout; shared appearance at runtime,20,20,17,22
frmPurchaseEntry,Legacy layout; shared appearance at runtime,148,147,152,107
frmPurchaseOrder,Legacy layout; shared appearance at runtime,66,66,11,28
frmPurchaseOrderRecord,Legacy layout; shared appearance at runtime,4,4,4,4
frmPurchaseRecord,Legacy layout; shared appearance at runtime,7,7,4,4
frmPurchaseRecord_GSTR,Legacy layout; shared appearance at runtime,6,6,4,4
frmPurchaseReport,Legacy layout; shared appearance at runtime,6,6,12,8
frmPurchaseReturn,Legacy layout; shared appearance at runtime,75,75,21,17
frmPurchaseReturnRecord,Legacy layout; shared appearance at runtime,3,3,4,4
frmPurchaseReturnRecord_GSTR,Legacy layout; shared appearance at runtime,6,6,4,4
frmPurchaseStock,Legacy layout; shared appearance at runtime,7,7,10,4
frmPurchaseWiseMerge,Legacy layout; shared appearance at runtime,2,2,7,12
frmPurcOrderRetrieve,Legacy layout; shared appearance at runtime,3,3,1,4
frmPurcOrderRetrieve1,Legacy layout; shared appearance at runtime,3,3,1,4
frmQuotation,Legacy layout; shared appearance at runtime,76,76,12,35
frmQuotationRecord,Legacy layout; shared appearance at runtime,4,4,4,4
frmQuotationRetrieve,Legacy layout; shared appearance at runtime,3,3,1,1
frmRecoveryPassword,Legacy layout; shared appearance at runtime,4,1,6,3
frmRefundAmt,Legacy layout; shared appearance at runtime,21,21,6,21
frmRegistration,Legacy layout; shared appearance at runtime,18,18,6,13
frmReminder,Legacy layout; shared appearance at runtime,3,2,2,0
frmReminderRecord,Legacy layout; shared appearance at runtime,3,3,6,6
frmReminderShow,Legacy layout; shared appearance at runtime,1,1,3,3
frmReport,Legacy layout; shared appearance at runtime,12,6,8,6
frmRoute,Legacy layout; shared appearance at runtime,2,2,5,5
frmSalaryslip,Legacy layout; shared appearance at runtime,2,2,3,3
frmSalarySlipsReport,Legacy layout; shared appearance at runtime,6,6,4,4
frmSaleAmtCal,Legacy layout; shared appearance at runtime,2,0,3,1
frmSaleReport_Multi_Payment,Legacy layout; shared appearance at runtime,3,3,5,6
frmSales_ProductHistory,Legacy layout; shared appearance at runtime,1,1,3,1
frmSalesInvoiceRecord,Legacy layout; shared appearance at runtime,14,14,9,18
frmSalesInvoiceRecord_GSTR,Legacy layout; shared appearance at runtime,6,6,4,4
frmSalesInvoiceRecordD,Legacy layout; shared appearance at runtime,14,14,8,16
frmSalesman,Legacy layout; shared appearance at runtime,21,19,6,13
frmSalesmanBulkUpdate,Legacy layout; shared appearance at runtime,4,4,2,1
frmSalesmanCommmissionReport,Legacy layout; shared appearance at runtime,4,4,1,4
frmSalesmanLedger,Legacy layout; shared appearance at runtime,5,5,3,3
frmSalesmanLedgerNew,Legacy layout; shared appearance at runtime,6,6,3,2
frmSalesManPayment,Legacy layout; shared appearance at runtime,35,35,13,13
frmSalesManPaymentRecordNew,Legacy layout; shared appearance at runtime,4,4,4,3
frmSalesmanRecord,Legacy layout; shared appearance at runtime,3,3,2,3
frmSalesPmtInfo,Legacy layout; shared appearance at runtime,9,9,2,5
frmSalesReport,Legacy layout; shared appearance at runtime,7,7,22,17
frmSalesReturn,Legacy layout; shared appearance at runtime,70,70,21,20
frmSalesReturnRecord,Legacy layout; shared appearance at runtime,3,3,4,4
frmSalesReturnRecord_GSTR,Legacy layout; shared appearance at runtime,6,6,4,4
frmScrDsply,Legacy layout; shared appearance at runtime,0,0,0,0
frmScreenlock,Legacy layout; shared appearance at runtime,9,6,5,5
frmSendEmail,Legacy layout; shared appearance at runtime,4,4,4,3
frmSendSMS_Sales,Legacy layout; shared appearance at runtime,7,4,4,2
frmSendSMS_Services,Legacy layout; shared appearance at runtime,7,4,3,6
frmSerialno_popup,Legacy layout; shared appearance at runtime,3,3,0,0
frmSerialwiseReport,Legacy layout; shared appearance at runtime,7,7,4,4
frmServiceBilling,Legacy layout; shared appearance at runtime,26,25,7,10
frmServiceBillingRecord,Legacy layout; shared appearance at runtime,6,6,5,5
frmServiceDoneReport,Legacy layout; shared appearance at runtime,2,2,3,3
frmServices,Legacy layout; shared appearance at runtime,24,21,7,13
frmServicesRecord,Legacy layout; shared appearance at runtime,8,8,5,5
frmServicesRecord1,Legacy layout; shared appearance at runtime,11,9,1,6
frmSetBillDiscount,Legacy layout; shared appearance at runtime,20,8,20,0
frmSMS,Legacy layout; shared appearance at runtime,3,2,4,5
frmSMS_AutoDetect,Legacy layout; shared appearance at runtime,2,1,0,0
frmSMSSetting,Legacy layout; shared appearance at runtime,5,5,5,4
frmSplash,Rebuilt main layout,0,0,7,2
frmSqlServerSetting,Rebuilt main layout,7,4,8,5
frmState,Legacy layout; shared appearance at runtime,1,1,4,3
frmStock_Inward_Notification,Legacy layout; shared appearance at runtime,2,2,6,16
frmStock_Inward_Record,Legacy layout; shared appearance at runtime,4,4,6,16
frmStock_Settlement,Legacy layout; shared appearance at runtime,9,9,8,11
frmStock_TransferRecord,Legacy layout; shared appearance at runtime,2,2,6,16
frmStockAdjustment_Store,Legacy layout; shared appearance at runtime,20,20,10,17
frmStockAdjustment_Store_Record,Legacy layout; shared appearance at runtime,4,4,4,4
frmStockEntry,Legacy layout; shared appearance at runtime,9,9,7,10
frmStockEntryRecord,Legacy layout; shared appearance at runtime,6,3,10,5
frmStockEntryRecord1,Legacy layout; shared appearance at runtime,3,3,12,4
frmStockEntryReport,Legacy layout; shared appearance at runtime,2,2,3,3
frmStockInAndOutReport,Legacy layout; shared appearance at runtime,1,1,6,5
frmStockMovementReport,Legacy layout; shared appearance at runtime,3,3,4,4
FrmStockOutPrint,Legacy layout; shared appearance at runtime,2,2,2,2
frmStockTransfer,Legacy layout; shared appearance at runtime,8,8,3,6
frmSubCategory,Legacy layout; shared appearance at runtime,10,10,8,8
frmSubcategory_DirectEntry,Legacy layout; shared appearance at runtime,4,4,1,2
frmSubCategoryNew,Legacy layout; shared appearance at runtime,6,6,9,11
frmSuplBalanceLedger,Legacy layout; shared appearance at runtime,2,2,1,0
frmSupplier,Legacy layout; shared appearance at runtime,40,38,9,26
frmSupplierBulkUpdate,Legacy layout; shared appearance at runtime,5,5,2,2
frmSupplierContactList,Legacy layout; shared appearance at runtime,5,5,1,1
frmSupplierLedger,Legacy layout; shared appearance at runtime,5,5,3,4
frmSupplierOutstanding,Legacy layout; shared appearance at runtime,2,2,10,8
frmSupplierRecord,Legacy layout; shared appearance at runtime,4,4,4,2
frmSuppliers,Legacy layout; shared appearance at runtime,6,4,10,11
frmSupplierwise_report,Legacy layout; shared appearance at runtime,6,6,4,4
frmSystemInfo,Legacy layout; shared appearance at runtime,25,25,0,1
frmTaxCategory,Legacy layout; shared appearance at runtime,3,3,6,5
frmTaxCategoryNew,Legacy layout; shared appearance at runtime,6,6,9,11
frmTaxReport,Legacy layout; shared appearance at runtime,4,4,4,2
frmTaxSetting,Legacy layout; shared appearance at runtime,3,3,7,7
frmTaxSettingsNew,Legacy layout; shared appearance at runtime,7,7,10,11
frmTCSPurchase,Legacy layout; shared appearance at runtime,5,5,3,4
frmTCSPurchaseReturn,Legacy layout; shared appearance at runtime,5,5,3,4
frmTCSRcvd,Legacy layout; shared appearance at runtime,6,6,3,4
frmTCSSaleReturn,Legacy layout; shared appearance at runtime,5,5,3,4
frmTCSValidation,Legacy layout; shared appearance at runtime,11,11,1,12
frmTempleteEdit,Legacy layout; shared appearance at runtime,4,0,4,4
frmTerminalSetting,Legacy layout; shared appearance at runtime,20,20,6,16
frmTermsandCondn,Legacy layout; shared appearance at runtime,2,1,5,5
frmTest1,Legacy layout; shared appearance at runtime,0,0,0,0
frmTestnew,Legacy layout; shared appearance at runtime,5,5,0,2
frmTokenIn,Legacy layout; shared appearance at runtime,8,8,2,12
frmTokenOut,Legacy layout; shared appearance at runtime,8,8,3,12
frmTokenSettlement,Legacy layout; shared appearance at runtime,11,11,2,17
frmTouchProduct,Legacy layout; shared appearance at runtime,8,7,5,3
frmTransport,Legacy layout; shared appearance at runtime,16,16,6,15
frmTrialBalance,Legacy layout; shared appearance at runtime,2,2,3,3
frmUnit,Legacy layout; shared appearance at runtime,4,3,6,7
frmUnitButton,Legacy layout; shared appearance at runtime,3,1,7,2
frmUnitMasterNew,Legacy layout; shared appearance at runtime,6,6,9,11
frmUPIQRCodeImg,Legacy layout; shared appearance at runtime,5,3,7,9
frmUserControl,Legacy layout; shared appearance at runtime,53,53,10,61
frmUserMenu_Control,Legacy layout; shared appearance at runtime,2,2,4,9
FrmValidate,Legacy layout; shared appearance at runtime,3,2,0,10
FrmValidate1,Legacy layout; shared appearance at runtime,5,4,0,0
frmVirtualCompany,Legacy layout; shared appearance at runtime,9,9,3,10
frmVoucher,Legacy layout; shared appearance at runtime,27,23,7,13
frmVoucherRecord,Legacy layout; shared appearance at runtime,3,3,4,4
frmVoucherReport,Legacy layout; shared appearance at runtime,3,3,4,4
frmWalletList,Legacy layout; shared appearance at runtime,1,0,2,0
frmWAppAPIServer,Legacy layout; shared appearance at runtime,19,19,4,13
frmWAppAPIServer2,Legacy layout; shared appearance at runtime,7,7,1,3
frmWhatsappMessage,Legacy layout; shared appearance at runtime,6,3,7,2
frmYesNo,Legacy layout; shared appearance at runtime,0,0,3,3
fromItemoffervalid,Legacy layout; shared appearance at runtime,13,13,1,15
GSTCalculator,Legacy layout; shared appearance at runtime,12,12,1,11
GSTPurchaseRegister,Legacy layout; shared appearance at runtime,9,9,7,6
GSTPurchaseReturn,Legacy layout; shared appearance at runtime,9,9,7,6
GSTSaleRegister,Legacy layout; shared appearance at runtime,9,9,6,5
GSTSaleReturn,Legacy layout; shared appearance at runtime,9,9,7,6
QRGenerator,Legacy layout; shared appearance at runtime,5,1,5,3
Receiver,Legacy layout; shared appearance at runtime,43,43,36,0
